device_id,event_ts,latitude,longitude,hex_id
dev_a,2026-09-22 02:35:00,12.9758,77.6066,8861892e9bfffff
dev_a,2026-09-22 02:50:00,12.9745,77.6070,8861892e9bfffff
dev_b,2026-09-22 03:00:00,12.9730,77.6068,88618925a7fffff
dev_c,2026-09-22 03:01:00,12.9732,77.6069,88618925a7fffff
dev_d,2026-09-22 03:02:00,12.9734,77.6067,88618925a7fffff
dev_e,2026-09-22 03:03:00,12.9736,77.6065,88618925a7fffff
dev_f,2026-09-22 03:04:00,12.9738,77.6063,88618925a7fffff
dev_g,2026-09-22 03:05:00,12.9740,77.6061,88618925a7fffff
dev_h,2026-09-22 03:06:00,12.9742,77.6059,88618925a7fffff
dev_i,2026-09-22 03:07:00,12.9744,77.6057,8861892e9bfffff
dev_j,2026-09-22 03:08:00,12.9746,77.6055,8861892e9bfffff
dev_x,2026-09-22 03:10:00,12.9728,77.6071,88618925a7fffff
dev_k,2026-09-22 03:10:00,12.9785,77.6408,8861892ec3fffff
dev_l,2026-09-22 03:11:00,12.9783,77.6407,8861892ec3fffff
dev_m,2026-09-22 03:12:00,12.9786,77.6409,8861892ec3fffff
dev_n,2026-09-22 03:13:00,12.9782,77.6410,8861892ec3fffff
dev_a,2026-09-22 12:35:00,12.9757,77.6065,8861892e9bfffff
dev_c,2026-09-22 12:45:00,12.9760,77.6070,8861892e9bfffff
dev_d,2026-09-22 13:15:00,12.9740,77.6060,88618925a7fffff
dev_o,2026-09-22 18:29:00,12.9900,77.6200,8861892e9dfffff
dev_o,2026-09-22 18:30:00,12.9900,77.6200,8861892e9dfffff
