device_id,event_ts,event_date,event_hour_utc,ping_latitude,ping_longitude,accuracy_m,activity_type,store_id,store_name,store_status,catchment_radius_m,distance_to_store_m
dev_a,2026-09-22 02:35:00,2026-09-22,2,12.9758,77.6066,8.0,morning_commute,store_a,Store A - MG Road,existing,500.0,22.2
dev_a,2026-09-22 02:35:00,2026-09-22,2,12.9758,77.6066,8.0,morning_commute,store_a,Store A - MG Road,existing,500.0,24.0
dev_a,2026-09-22 02:50:00,2026-09-22,2,12.9745,77.6070,9.0,morning_commute,store_a,Store A - MG Road,existing,500.0,130.0
dev_b,2026-09-22 03:00:00,2026-09-22,3,12.9730,77.6068,12.0,morning_commute,store_a,Store A - MG Road,existing,500.0,290.0
dev_c,2026-09-22 03:01:00,2026-09-22,3,12.9732,77.6069,10.0,morning_commute,store_a,Store A - MG Road,existing,500.0,275.0
dev_d,2026-09-22 03:02:00,2026-09-22,3,12.9734,77.6067,11.0,morning_commute,store_a,Store A - MG Road,existing,500.0,260.0
dev_e,2026-09-22 03:03:00,2026-09-22,3,12.9736,77.6065,13.0,morning_commute,store_a,Store A - MG Road,existing,500.0,245.0
dev_f,2026-09-22 03:04:00,2026-09-22,3,12.9738,77.6063,7.0,morning_commute,store_a,Store A - MG Road,existing,500.0,225.0
dev_g,2026-09-22 03:05:00,2026-09-22,3,12.9740,77.6061,9.0,morning_commute,store_a,Store A - MG Road,existing,500.0,205.0
dev_h,2026-09-22 03:06:00,2026-09-22,3,12.9742,77.6059,8.0,morning_commute,store_a,Store A - MG Road,existing,500.0,185.0
dev_i,2026-09-22 03:07:00,2026-09-22,3,12.9744,77.6057,12.0,morning_commute,store_a,Store A - MG Road,existing,500.0,165.0
dev_j,2026-09-22 03:08:00,2026-09-22,3,12.9746,77.6055,10.0,morning_commute,store_a,Store A - MG Road,existing,500.0,145.0
dev_a,2026-09-22 02:50:00,2026-09-22,2,12.9745,77.6070,9.0,morning_commute,store_b,Store B - Brigade Road,proposed,500.0,290.0
dev_b,2026-09-22 03:00:00,2026-09-22,3,12.9730,77.6068,12.0,morning_commute,store_b,Store B - Brigade Road,proposed,500.0,125.0
dev_c,2026-09-22 03:01:00,2026-09-22,3,12.9732,77.6069,10.0,morning_commute,store_b,Store B - Brigade Road,proposed,500.0,115.0
dev_x,2026-09-22 03:10:00,2026-09-22,3,12.9728,77.6071,8.0,morning_commute,store_b,Store B - Brigade Road,proposed,500.0,95.0
dev_k,2026-09-22 03:10:00,2026-09-22,3,12.9785,77.6408,8.0,morning_commute,store_c,Store C - Indiranagar,candidate,500.0,11.1
dev_l,2026-09-22 03:11:00,2026-09-22,3,12.9783,77.6407,9.0,morning_commute,store_c,Store C - Indiranagar,candidate,500.0,15.5
dev_m,2026-09-22 03:12:00,2026-09-22,3,12.9786,77.6409,10.0,morning_commute,store_c,Store C - Indiranagar,candidate,500.0,24.7
dev_n,2026-09-22 03:13:00,2026-09-22,3,12.9782,77.6410,11.0,morning_commute,store_c,Store C - Indiranagar,candidate,500.0,31.1
dev_a,2026-09-22 12:35:00,2026-09-22,12,12.9757,77.6065,7.0,evening_commute,store_a,Store A - MG Road,existing,500.0,16.0
dev_c,2026-09-22 12:45:00,2026-09-22,12,12.9760,77.6070,11.0,evening_commute,store_a,Store A - MG Road,existing,500.0,62.0
dev_d,2026-09-22 13:15:00,2026-09-22,13,12.9740,77.6060,15.0,evening_commute,store_a,Store A - MG Road,existing,500.0,190.0
